1,true,3,0a3f747970652e676f6f676c65617069732e636f6d2f62696e616e63652e7473736c69622e65646473612e6b657967656e2e4b47526f756e64314d65737361676512220a20274f88088511bb0f77ce81061a8ca2c8aadcbbec871d472b505f78f329be8dc2
2,true,3,0a3f747970652e676f6f676c65617069732e636f6d2f62696e616e63652e7473736c69622e65646473612e6b657967656e2e4b47526f756e64314d65737361676512220a20eb25f4122a5dd3da7b6efdb1785f24c575a597bea76b6e24c1287382f45d49e9
1,false,3,0a40747970652e676f6f676c65617069732e636f6d2f62696e616e63652e7473736c69622e65646473612e6b657967656e2e4b47526f756e64324d6573736167653112220a200fbac9d7d6e111b8dae7d09bba4995439fb521a6a7575f60aac219695ea78b27
2,false,3,0a40747970652e676f6f676c65617069732e636f6d2f62696e616e63652e7473736c69622e65646473612e6b657967656e2e4b47526f756e64324d6573736167653112220a200389b35bb7a3872c64f5e7c408644aca69109a3299247b0052799d608af305f1
1,true,3,0a40747970652e676f6f676c65617069732e636f6d2f62696e616e63652e7473736c69622e65646473612e6b657967656e2e4b47526f756e64324d657373616765321290020a208f07926c87ab885280dfdc9a602676d788a4e052cf29b461b2ef050ebb2258320a207f171bcd069fc93e17de77067e52d41bfc738c13c22eae38a1a0898d1ba400db0a20032c955e70a3b1927aea1c3454ff885c0bab943acaf9d5075427b8ed12321a370a202c85edd53eb1c23a95f2b65c6bd90fb6808102157dc5350da9df89fb0e7a8cd80a20485220ef76cc6ca2a928c6c3314a74dd508858f86a69554e305e0d77129217e412200d22ee37651735f576d2867798073826f1ad7c60a2966588e5dc669b79d983781a201ec4139890f8c6aaa33d035272ffd103256d997cb8fcda8be1b5677b121515892220070cdd45e3354aeecf453e6b8ada2e9be04b2b81482b33914944d075fa11f8f1
2,true,3,0a40747970652e676f6f676c65617069732e636f6d2f62696e616e63652e7473736c69622e65646473612e6b657967656e2e4b47526f756e64324d657373616765321290020a206594785f351ea9b0899332473d21a6d86978b2a2f1740ee84cf57f9888be1c310a203d5347195b4f8ba135bbba52ce3c26d35b365fa19c93f5e9ff07b81ad8913e3d0a206c5e2e27bac0d00bf1ac6904e879cf6648949c5f44e92bdf78e5e340d05ad5e30a2064f1c94380eba581eaea1c9490511a5ad4fe6ec75020a5e1c828974ce646c1a70a2036d27b8a276329f99af76cf466d80d9f311af2737f2443ac559cbf192e96541c12201ce8f4d1a2f98bdcf1498bb4396ea73f32aaa1d3c4074fc9fb5fdda53f63db3d1a20236e40a64ddfa34202967324ef002deb846fa144d8edb3f6330c05b175b97b29222006ce464ad802554840eed8b06ab62f7f0ff1df54a390293d22ac3fb9f26f52c0
1,true,3,0a3f747970652e676f6f676c65617069732e636f6d2f62696e616e63652e7473736c69622e65646473612e6b657967656e2e4b47526f756e64314d65737361676512220a204676790133bfb0afe064d675d5209190c189a7d8676f558d95c46dc1cfff7fbd
1,false,3,0a40747970652e676f6f676c65617069732e636f6d2f62696e616e63652e7473736c69622e65646473612e6b657967656e2e4b47526f756e64324d6573736167653112220a200368301047f59bfd332bf460fd014225ac73c45cbd9c19d93066f7b31e623427
1,true,3,0a40747970652e676f6f676c65617069732e636f6d2f62696e616e63652e7473736c69622e65646473612e6b657967656e2e4b47526f756e64324d657373616765321290020a20ac8ae883dc46caf4852adee53f63d6131c511274e949f47810f7605005ee131e0a203c2693c043f8ff1625bfb59d2abe2a8bc57e95d97dc9500544be187ccc554e8b0a203b61c57a9dfb3e7db2bc90af2770f764af97c79bc9a77bc07ff7c9498f576eed0a20047b1afbd88be8d784d0d79a2281be399b3b02056e1536a6ddecea27a389767d0a205db74e7079dd2a67621d8f038870837fff5625b631f3e76c74b18c4c3ba3532212203cbc5de55cb88c2115538a4965407be379819621f4730486a953f9926343efa61a2072dc71f8114d9be7053829ada18a054b16aecca26c79a77d0fd84f41a20e70f62220048eacd2df105b89351b189b935615ab48fb22756a705cd4e4e84e49db643e89
2,true,3,0a3f747970652e676f6f676c65617069732e636f6d2f62696e616e63652e7473736c69622e65646473612e6b657967656e2e4b47526f756e64314d65737361676512220a20d01ae9c8f5671e72b7bfc7979828f31ada8c124c237be359d223752260e6cc5b
2,false,3,0a40747970652e676f6f676c65617069732e636f6d2f62696e616e63652e7473736c69622e65646473612e6b657967656e2e4b47526f756e64324d6573736167653112220a200a7809790222af41ba978629ddd05a12ffd460f8a19960cc731860eb25b9a6b6
2,true,3,0a40747970652e676f6f676c65617069732e636f6d2f62696e616e63652e7473736c69622e65646473612e6b657967656e2e4b47526f756e64324d657373616765321290020a2002832fa50521ca3b918199fdbee70b11f5fda56abfba61daa9ef15abfe75c0b70a207ab42e60c35794a2e8c4505532ee487d0bfeb791a9cf1ba1dd6f7d968e94933d0a202243a07c595e7dfca516333d79117cb5be4f3859ba79e3bde45dba95551a08c30a2044a41f2a828a3cbd6ac76f762bf3df7fdd232b7e95c0d0863e2000916edf77150a2008516546eafc993119d3ac7ff57b2be0b676eb7cba584950013c49f90d7d07bb122019054435e393c2f249115f2f5819137f44332d9aa98e909f280146d1a8cb07bc1a2035ee69accbc0150a91fb93afd654b6ff0d087fe58bdafdcbe6d30662370e8e3522200b6ef7b8667be7a306588042bf60f784c57e87156887acad8df5e6efaa49affa
1,true,3,0a3f747970652e676f6f676c65617069732e636f6d2f62696e616e63652e7473736c69622e65646473612e6b657967656e2e4b47526f756e64314d65737361676512220a20becd5d2d5148ba8dd5ef592a30ed708b7bd84021f4d41071b921724eb34d5bda
1,false,3,0a40747970652e676f6f676c65617069732e636f6d2f62696e616e63652e7473736c69622e65646473612e6b657967656e2e4b47526f756e64324d6573736167653112220a200434d6b99f472292d437e50d2fee8c4ec08cb2d4628262d9d6f37fa4a030d817
1,true,3,0a40747970652e676f6f676c65617069732e636f6d2f62696e616e63652e7473736c69622e65646473612e6b657967656e2e4b47526f756e64324d657373616765321290020a208222ef255338a38c4b9c6aac652c4e630e835b8e3219cc59ed8e4ac42a4f9fc70a201c33921b8f2df99f51fd900d56ad0d6e292b3d5a02767c7ff738cee775fc677e0a204132d2b417aa2cbeab4905e482f280881d9dc18df4c96522f1344dbf20515bae0a20305a0cd8ad2d6ff176e6428649a0cb1789a4bf329128e04170f64679600d9ede0a20372e07bd3ce037d9b40f5a3eee681ef25ed8b8449f06986038fe9fe0495aa8f3122035880189643fed1a22450d10411859198ebd559f17aa14398f44e6b277bf098a1a20519d9c3a55f7f106791c2c6bf2bafaaa51ae90e851abc8191125a829191425ff22200f3a51a1b944e3ffa86c2d99195d73dae0510e4eedb56b848db5ebb4470296e6
2,true,3,0a3f747970652e676f6f676c65617069732e636f6d2f62696e616e63652e7473736c69622e65646473612e6b657967656e2e4b47526f756e64314d65737361676512220a20e91b9966a0ebc8d3e56dc69878d9d20ca31551f096917826abfb5155900294d9
2,false,3,0a40747970652e676f6f676c65617069732e636f6d2f62696e616e63652e7473736c69622e65646473612e6b657967656e2e4b47526f756e64324d6573736167653112220a200a8b51de09c1218a5e6e34d6d4d389f0ecbc2718d70a4a9002b57c77aec708bc
2,true,3,0a40747970652e676f6f676c65617069732e636f6d2f62696e616e63652e7473736c69622e65646473612e6b657967656e2e4b47526f756e64324d657373616765321290020a20d73c18ee59aadd0177fb4ea37b61537abce5ab263b4fe6ae6a8d379d43a242440a20063e3c2c861b305e49d4a3a44c7da78742799ef3da48fc3993493e2c8b3ace7e0a20098b093e3e1cb819faf89808c491760b39273821a52c864f10fa397866e1d7140a207d05f7be1829e9cfb067690ae595a460b1470e1dd9c4f288eb3b7fdf78eaa8d30a201c4410128f77e39fa7bd31abab0ff951bba57feea039a3c9a6ba61b10cf232b012205593efb66d9943e88076bb63d1c9212d58e1685e5e06d32fa77cfb374f15d9d41a20474988fdf29a7010d034e64a70ffb865ab79976daa55173273e80e23c85548ac22200ca027a83cca652f4d076965a394bbf5b582bc2190719a81355f03a98e7463a7
